CallID,AgentID,AgentName,StartTime,EndTime,WaitTime_sec,CallType,Department,Channel,Resolved,CustomerRating,EscalatedToManager
CALL0001,AGT011,Anita Bose,2024-01-04 06:47:17,2024-01-04 06:56:38,238,Technical,Support,Email,Y,5,N
CALL0002,AGT002,Rahul Mehta,2024-01-19 19:02:01,2024-01-19 19:06:12,233,Technical,Support,Email,N,3,Y
CALL0003,AGT007,Pooja Singh,2024-01-08 20:37:17,2024-01-08 21:05:54,16,Technical,Technical,Chat,Y,3,N
CALL0004,AGT013,Lakshmi Iyer,2024-01-11 09:05:24,2024-01-11 09:09:42,377,Complaint,Retention,Phone,Y,5,N
CALL0005,AGT002,Rahul Mehta,2024-01-13 08:35:18,2024-01-13 09:04:36,380,Sales,Sales,Email,N,3,N
CALL0006,AGT005,Divya Nair,2024-01-03 13:55:06,2024-01-03 14:09:04,294,General,Retention,Phone,Y,3,N
CALL0007,AGT011,Anita Bose,2024-01-09 08:38:40,2024-01-09 08:45:30,556,Technical,Sales,Chat,Y,5,N
CALL0008,AGT012,Sanjay Tiwari,2024-01-18 13:43:20,2024-01-18 14:13:06,67,Technical,Support,Chat,Y,3,N
CALL0009,AGT004,Amit Joshi,2024-01-19 16:13:41,2024-01-19 16:31:43,415,General,Sales,Chat,N,3,Y
CALL0010,AGT005,Divya Nair,2024-01-24 19:57:37,2024-01-24 20:12:14,380,Technical,Sales,Email,Y,3,N
CALL0011,AGT014,Deepak Shah,2024-01-04 10:40:10,2024-01-04 11:08:12,442,Sales,Support,Chat,Y,4,N
CALL0012,AGT009,Neha Gupta,2024-01-09 06:43:46,2024-01-09 06:48:40,559,Complaint,Retention,Phone,Y,3,N
CALL0013,AGT008,Kiran Kumar,2024-01-01 14:32:48,2024-01-01 14:39:53,529,Billing,Retention,Email,Y,3,N
CALL0014,AGT003,Sneha Patil,2024-01-12 11:34:49,2024-01-12 11:53:55,10,Sales,Retention,Chat,N,2,Y
CALL0015,AGT014,Deepak Shah,2024-01-26 15:15:03,2024-01-26 15:24:16,590,Billing,Support,Email,Y,3,N
CALL0016,AGT013,Lakshmi Iyer,2024-01-18 10:08:42,2024-01-18 10:25:55,572,Technical,Retention,Email,Y,4,N
CALL0017,AGT004,Amit Joshi,2024-01-18 12:45:19,2024-01-18 12:59:56,392,General,Technical,Phone,N,1,N
CALL0018,AGT010,Vijay Rao,2024-01-18 13:37:14,2024-01-18 13:38:28,82,Billing,Sales,Phone,Y,4,N
CALL0019,AGT002,Rahul Mehta,2024-01-17 13:17:42,2024-01-17 13:35:16,229,Sales,Sales,Email,Y,5,N
CALL0020,AGT010,Vijay Rao,2024-01-16 13:50:30,2024-01-16 14:19:03,426,Technical,Support,Phone,Y,4,N
CALL0021,AGT007,Pooja Singh,2024-01-14 20:55:46,2024-01-14 20:58:36,110,Billing,Technical,Email,Y,3,N
CALL0022,AGT004,Amit Joshi,2024-01-07 12:34:28,2024-01-07 12:40:15,442,Technical,Retention,Chat,N,1,N
CALL0023,AGT014,Deepak Shah,2024-01-28 09:03:41,2024-01-28 09:23:08,25,Billing,Sales,Phone,Y,4,N
CALL0024,AGT004,Amit Joshi,2024-01-28 18:57:03,2024-01-28 19:03:40,398,Billing,Technical,Chat,Y,4,N
CALL0025,AGT005,Divya Nair,2024-01-14 21:09:12,2024-01-14 21:20:19,232,Billing,Support,Email,Y,3,N
CALL0026,AGT010,Vijay Rao,2024-01-16 22:58:54,2024-01-16 23:18:01,171,Billing,Support,Phone,N,1,Y
CALL0027,AGT004,Amit Joshi,2024-01-13 09:56:36,2024-01-13 10:06:00,50,Sales,Support,Chat,Y,5,N
CALL0028,AGT009,Neha Gupta,2024-01-11 14:13:42,2024-01-11 14:39:08,331,Technical,Retention,Chat,N,3,N
CALL0029,AGT006,Rohan Desai,2024-01-25 08:00:29,2024-01-25 08:22:41,586,Billing,Support,Email,N,2,N
CALL0030,AGT006,Rohan Desai,2024-01-03 13:23:18,2024-01-03 13:29:41,458,Sales,Retention,Email,Y,5,N
CALL0031,AGT009,Neha Gupta,2024-01-01 15:59:42,2024-01-01 16:04:14,147,Complaint,Support,Phone,Y,3,N
CALL0032,AGT005,Divya Nair,2024-01-10 12:45:21,2024-01-10 12:53:17,280,Sales,Technical,Chat,Y,3,N
CALL0033,AGT002,Rahul Mehta,2024-01-21 19:53:17,2024-01-21 19:55:47,13,Complaint,Sales,Email,Y,3,N
CALL0034,AGT012,Sanjay Tiwari,2024-01-15 19:35:00,2024-01-15 19:39:49,87,Technical,Support,Chat,Y,3,N
CALL0035,AGT007,Pooja Singh,2024-01-05 07:19:23,2024-01-05 07:47:33,50,Complaint,Sales,Email,N,1,N
CALL0036,AGT009,Neha Gupta,2024-01-28 19:39:47,2024-01-28 19:46:03,252,Technical,Sales,Chat,N,3,Y
CALL0037,AGT013,Lakshmi Iyer,2024-01-14 13:17:10,2024-01-14 13:45:02,120,General,Support,Chat,N,2,N
CALL0038,AGT014,Deepak Shah,2024-01-26 13:14:01,2024-01-26 13:37:32,207,General,Retention,Chat,Y,4,N
CALL0039,AGT006,Rohan Desai,2024-01-21 22:25:43,2024-01-21 22:55:30,559,Complaint,Support,Phone,Y,4,N
CALL0040,AGT003,Sneha Patil,2024-01-19 14:02:06,2024-01-19 14:23:27,454,Complaint,Retention,Chat,Y,5,N
CALL0041,AGT002,Rahul Mehta,2024-01-13 12:16:02,2024-01-13 12:41:13,456,Billing,Sales,Chat,Y,5,N
CALL0042,AGT015,Meera Pillai,2024-01-11 16:42:54,2024-01-11 16:48:09,317,Sales,Retention,Email,Y,4,N
CALL0043,AGT012,Sanjay Tiwari,2024-01-10 10:12:26,2024-01-10 10:36:07,398,Technical,Retention,Chat,Y,3,N
CALL0044,AGT005,Divya Nair,2024-01-10 12:27:50,2024-01-10 12:48:37,339,General,Technical,Chat,Y,5,N
CALL0045,AGT008,Kiran Kumar,2024-01-26 11:42:05,2024-01-26 11:52:46,537,Sales,Retention,Phone,Y,3,N
CALL0046,AGT011,Anita Bose,2024-01-10 13:51:12,2024-01-10 13:57:13,35,Billing,Sales,Chat,Y,3,N
CALL0047,AGT008,Kiran Kumar,2024-01-14 12:45:44,2024-01-14 12:59:50,516,General,Sales,Phone,Y,3,N
CALL0048,AGT015,Meera Pillai,2024-01-25 09:49:27,2024-01-25 09:57:55,190,Sales,Technical,Phone,Y,3,N
CALL0049,AGT008,Kiran Kumar,2024-01-05 20:42:33,2024-01-05 21:02:37,334,General,Technical,Email,Y,3,N
CALL0050,AGT012,Sanjay Tiwari,2024-01-28 21:28:16,2024-01-28 21:54:55,263,Complaint,Technical,Email,N,2,N
CALL0051,AGT005,Divya Nair,2024-01-08 14:21:20,2024-01-08 14:40:46,92,Technical,Sales,Phone,Y,3,N
CALL0052,AGT012,Sanjay Tiwari,2024-01-07 08:26:26,2024-01-07 08:38:43,565,General,Technical,Phone,N,2,N
CALL0053,AGT013,Lakshmi Iyer,2024-01-19 06:54:56,2024-01-19 07:22:03,599,General,Technical,Phone,Y,4,N
CALL0054,AGT013,Lakshmi Iyer,2024-01-13 19:34:47,2024-01-13 20:00:51,569,Sales,Sales,Chat,N,2,N
CALL0055,AGT007,Pooja Singh,2024-01-11 18:46:10,2024-01-11 19:15:51,488,Technical,Support,Chat,Y,5,N
CALL0056,AGT001,Priya Sharma,2024-01-03 19:08:55,2024-01-03 19:25:40,196,Billing,Retention,Chat,Y,4,N
CALL0057,AGT006,Rohan Desai,2024-01-11 18:17:48,2024-01-11 18:47:11,441,Complaint,Support,Chat,N,3,N
CALL0058,AGT006,Rohan Desai,2024-01-08 08:49:41,2024-01-08 08:52:03,41,Technical,Sales,Phone,Y,3,N
CALL0059,AGT003,Sneha Patil,2024-01-16 09:36:13,2024-01-16 09:53:05,272,Complaint,Sales,Email,Y,5,N
CALL0060,AGT012,Sanjay Tiwari,2024-01-04 11:19:06,2024-01-04 11:39:51,36,Complaint,Technical,Chat,Y,3,N
CALL0061,AGT002,Rahul Mehta,2024-01-19 13:06:44,2024-01-19 13:34:06,318,Sales,Support,Email,Y,4,N
CALL0062,AGT009,Neha Gupta,2024-01-14 17:04:32,2024-01-14 17:27:38,359,Billing,Technical,Chat,N,2,Y
CALL0063,AGT014,Deepak Shah,2024-01-15 10:27:11,2024-01-15 10:53:13,544,Complaint,Technical,Chat,Y,5,N
CALL0064,AGT010,Vijay Rao,2024-01-09 16:54:15,2024-01-09 17:23:36,98,Complaint,Technical,Phone,Y,5,N
CALL0065,AGT010,Vijay Rao,2024-01-22 18:21:01,2024-01-22 18:38:53,342,Technical,Technical,Phone,Y,4,N
CALL0066,AGT006,Rohan Desai,2024-01-09 14:35:00,2024-01-09 14:53:38,205,Billing,Sales,Email,Y,5,N
CALL0067,AGT013,Lakshmi Iyer,2024-01-08 21:41:45,2024-01-08 21:59:30,468,Billing,Support,Chat,N,3,N
CALL0068,AGT011,Anita Bose,2024-01-19 17:30:35,2024-01-19 17:49:42,362,General,Retention,Chat,Y,4,N
CALL0069,AGT005,Divya Nair,2024-01-09 13:07:46,2024-01-09 13:15:20,333,Billing,Sales,Phone,N,2,N
CALL0070,AGT010,Vijay Rao,2024-01-25 22:38:18,2024-01-25 22:42:43,208,Complaint,Sales,Chat,N,1,Y
CALL0071,AGT003,Sneha Patil,2024-01-09 07:03:35,2024-01-09 07:14:33,139,General,Support,Phone,Y,4,N
CALL0072,AGT008,Kiran Kumar,2024-01-15 16:11:03,2024-01-15 16:20:40,499,Billing,Support,Chat,Y,5,N
CALL0073,AGT011,Anita Bose,2024-01-22 07:09:09,2024-01-22 07:37:50,586,Complaint,Support,Phone,N,2,Y
CALL0074,AGT013,Lakshmi Iyer,2024-01-20 13:49:33,2024-01-20 14:03:32,471,General,Retention,Email,Y,4,N
CALL0075,AGT010,Vijay Rao,2024-01-20 07:39:47,2024-01-20 07:44:10,222,Technical,Retention,Email,N,1,N
CALL0076,AGT002,Rahul Mehta,2024-01-06 06:26:28,2024-01-06 06:50:59,491,Complaint,Support,Phone,Y,4,N
CALL0077,AGT012,Sanjay Tiwari,2024-01-28 20:04:43,2024-01-28 20:13:41,280,Sales,Sales,Chat,N,1,Y
CALL0078,AGT015,Meera Pillai,2024-01-09 10:04:03,2024-01-09 10:10:42,324,Sales,Retention,Chat,N,3,N
CALL0079,AGT007,Pooja Singh,2024-01-09 22:34:31,2024-01-09 22:50:27,92,Sales,Support,Chat,Y,5,N
CALL0080,AGT005,Divya Nair,2024-01-01 08:14:43,2024-01-01 08:44:15,599,Sales,Support,Email,Y,5,N
CALL0081,AGT001,Priya Sharma,2024-01-25 11:30:33,2024-01-25 11:53:47,462,Complaint,Sales,Email,Y,4,N
CALL0082,AGT002,Rahul Mehta,2024-01-16 17:26:21,2024-01-16 17:38:18,117,Technical,Retention,Chat,Y,4,N
CALL0083,AGT011,Anita Bose,2024-01-13 07:29:05,2024-01-13 07:40:49,268,Complaint,Support,Chat,Y,3,N
CALL0084,AGT011,Anita Bose,2024-01-28 20:26:03,2024-01-28 20:33:27,540,Complaint,Technical,Email,Y,3,N
CALL0085,AGT004,Amit Joshi,2024-01-09 10:59:18,2024-01-09 11:15:15,506,Billing,Support,Email,Y,3,N
CALL0086,AGT012,Sanjay Tiwari,2024-01-06 15:35:00,2024-01-06 15:54:51,427,Billing,Sales,Phone,Y,3,N
CALL0087,AGT011,Anita Bose,2024-01-27 10:31:59,2024-01-27 10:57:26,308,Sales,Retention,Chat,Y,4,N
CALL0088,AGT004,Amit Joshi,2024-01-15 10:24:12,2024-01-15 10:45:39,530,Technical,Support,Chat,Y,4,N
CALL0089,AGT006,Rohan Desai,2024-01-26 22:17:52,2024-01-26 22:18:57,299,Complaint,Technical,Phone,Y,4,N
CALL0090,AGT006,Rohan Desai,2024-01-11 18:29:59,2024-01-11 18:41:58,203,Technical,Technical,Phone,Y,4,N
CALL0091,AGT001,Priya Sharma,2024-01-11 21:45:58,2024-01-11 22:14:39,400,General,Sales,Chat,Y,3,N
CALL0092,AGT009,Neha Gupta,2024-01-19 16:55:06,2024-01-19 17:24:56,460,Billing,Technical,Phone,Y,4,N
CALL0093,AGT014,Deepak Shah,2024-01-21 10:04:30,2024-01-21 10:32:10,281,Complaint,Technical,Email,N,2,Y
CALL0094,AGT014,Deepak Shah,2024-01-18 18:20:40,2024-01-18 18:46:11,509,Sales,Support,Email,N,3,Y
CALL0095,AGT005,Divya Nair,2024-01-08 08:27:06,2024-01-08 08:54:03,112,General,Sales,Email,Y,3,N
CALL0096,AGT001,Priya Sharma,2024-01-11 07:18:22,2024-01-11 07:32:09,451,Technical,Sales,Email,Y,5,N
CALL0097,AGT013,Lakshmi Iyer,2024-01-06 11:11:05,2024-01-06 11:32:53,401,Sales,Sales,Chat,Y,3,N
CALL0098,AGT004,Amit Joshi,2024-01-15 14:29:16,2024-01-15 14:53:01,19,General,Retention,Email,Y,3,N
CALL0099,AGT008,Kiran Kumar,2024-01-12 15:40:27,2024-01-12 16:05:00,266,General,Retention,Phone,Y,4,N
CALL0100,AGT002,Rahul Mehta,2024-01-08 18:36:22,2024-01-08 18:56:59,312,Complaint,Support,Email,Y,3,N
CALL0101,AGT010,Vijay Rao,2024-01-28 07:58:38,2024-01-28 08:25:04,518,Complaint,Sales,Email,Y,3,N
CALL0102,AGT011,Anita Bose,2024-01-07 14:43:48,2024-01-07 15:09:24,150,Billing,Support,Chat,Y,3,N
CALL0103,AGT010,Vijay Rao,2024-01-12 10:05:58,2024-01-12 10:17:02,344,General,Sales,Phone,N,3,Y
CALL0104,AGT006,Rohan Desai,2024-01-17 22:58:17,2024-01-17 23:27:37,178,Complaint,Technical,Chat,Y,4,N
CALL0105,AGT013,Lakshmi Iyer,2024-01-04 20:04:09,2024-01-04 20:30:53,241,General,Retention,Phone,Y,3,N
CALL0106,AGT005,Divya Nair,2024-01-18 09:29:23,2024-01-18 09:53:20,278,Sales,Technical,Email,Y,3,N
CALL0107,AGT011,Anita Bose,2024-01-08 21:01:39,2024-01-08 21:21:48,345,Sales,Sales,Email,N,2,Y
CALL0108,AGT005,Divya Nair,2024-01-21 19:07:08,2024-01-21 19:09:40,48,Complaint,Technical,Phone,N,3,N
CALL0109,AGT008,Kiran Kumar,2024-01-12 19:37:47,2024-01-12 20:03:35,168,General,Support,Chat,Y,4,N
CALL0110,AGT001,Priya Sharma,2024-01-23 17:13:28,2024-01-23 17:29:38,251,Complaint,Support,Email,Y,5,N
CALL0111,AGT006,Rohan Desai,2024-01-02 18:17:12,2024-01-02 18:22:22,475,Billing,Sales,Email,Y,3,N
CALL0112,AGT001,Priya Sharma,2024-01-26 16:15:08,2024-01-26 16:42:59,588,Technical,Support,Email,N,1,Y
CALL0113,AGT004,Amit Joshi,2024-01-11 10:50:57,2024-01-11 11:12:17,12,Complaint,Sales,Phone,Y,3,N
CALL0114,AGT002,Rahul Mehta,2024-01-22 06:08:00,2024-01-22 06:21:13,253,Sales,Retention,Phone,N,1,N
CALL0115,AGT007,Pooja Singh,2024-01-17 09:47:04,2024-01-17 10:04:19,469,Complaint,Support,Chat,Y,5,N
CALL0116,AGT001,Priya Sharma,2024-01-24 22:19:29,2024-01-24 22:42:26,41,Billing,Technical,Chat,Y,3,N
CALL0117,AGT008,Kiran Kumar,2024-01-23 20:04:57,2024-01-23 20:08:42,339,Sales,Sales,Phone,N,3,Y
CALL0118,AGT009,Neha Gupta,2024-01-23 16:24:38,2024-01-23 16:43:44,311,General,Technical,Phone,Y,3,N
CALL0119,AGT014,Deepak Shah,2024-01-21 12:27:28,2024-01-21 12:36:15,433,Complaint,Technical,Chat,Y,3,N
CALL0120,AGT006,Rohan Desai,2024-01-14 16:42:16,2024-01-14 16:56:02,166,General,Support,Phone,Y,3,N
CALL0121,AGT007,Pooja Singh,2024-01-04 17:51:08,2024-01-04 18:11:07,71,Sales,Retention,Email,N,2,Y
CALL0122,AGT013,Lakshmi Iyer,2024-01-14 07:18:38,2024-01-14 07:30:17,370,Billing,Sales,Phone,Y,3,N
CALL0123,AGT014,Deepak Shah,2024-01-04 17:54:35,2024-01-04 18:08:07,127,Complaint,Sales,Chat,Y,5,N
CALL0124,AGT010,Vijay Rao,2024-01-22 06:38:59,2024-01-22 07:02:26,283,Billing,Sales,Chat,Y,4,N
CALL0125,AGT015,Meera Pillai,2024-01-11 17:00:11,2024-01-11 17:06:04,589,General,Support,Phone,Y,3,N
CALL0126,AGT002,Rahul Mehta,2024-01-24 22:13:24,2024-01-24 22:28:43,474,Complaint,Sales,Chat,Y,4,N
CALL0127,AGT013,Lakshmi Iyer,2024-01-19 08:56:03,2024-01-19 09:02:21,171,Sales,Support,Email,N,2,Y
CALL0128,AGT008,Kiran Kumar,2024-01-20 20:26:17,2024-01-20 20:34:38,534,Billing,Retention,Chat,N,3,Y
CALL0129,AGT008,Kiran Kumar,2024-01-17 15:02:14,2024-01-17 15:16:43,66,Billing,Sales,Chat,Y,3,N
CALL0130,AGT013,Lakshmi Iyer,2024-01-09 15:20:07,2024-01-09 15:21:22,519,General,Sales,Phone,Y,5,N
CALL0131,AGT004,Amit Joshi,2024-01-17 17:04:25,2024-01-17 17:30:44,53,General,Support,Chat,Y,4,N
CALL0132,AGT010,Vijay Rao,2024-01-14 18:45:40,2024-01-14 19:00:55,306,Billing,Technical,Phone,Y,3,N
CALL0133,AGT013,Lakshmi Iyer,2024-01-20 20:53:44,2024-01-20 21:07:05,100,General,Support,Phone,Y,4,N
CALL0134,AGT009,Neha Gupta,2024-01-03 18:55:19,2024-01-03 19:21:46,357,Technical,Retention,Phone,N,3,N
CALL0135,AGT009,Neha Gupta,2024-01-07 17:22:46,2024-01-07 17:51:43,161,Technical,Support,Phone,Y,3,N
CALL0136,AGT010,Vijay Rao,2024-01-05 08:11:49,2024-01-05 08:34:15,515,General,Technical,Email,Y,5,N
CALL0137,AGT011,Anita Bose,2024-01-21 16:55:40,2024-01-21 17:07:27,164,General,Support,Chat,Y,4,N
CALL0138,AGT013,Lakshmi Iyer,2024-01-09 07:22:32,2024-01-09 07:26:03,327,General,Technical,Phone,N,2,N
CALL0139,AGT014,Deepak Shah,2024-01-28 08:39:38,2024-01-28 08:57:56,403,General,Support,Chat,Y,5,N
CALL0140,AGT011,Anita Bose,2024-01-07 16:38:30,2024-01-07 16:56:36,164,Billing,Technical,Phone,Y,4,N
CALL0141,AGT012,Sanjay Tiwari,2024-01-03 22:41:11,2024-01-03 22:43:31,263,General,Technical,Email,Y,3,N
CALL0142,AGT006,Rohan Desai,2024-01-12 15:24:26,2024-01-12 15:51:52,356,Sales,Support,Email,Y,3,N
CALL0143,AGT006,Rohan Desai,2024-01-04 18:18:16,2024-01-04 18:43:58,163,Complaint,Support,Email,Y,4,N
CALL0144,AGT005,Divya Nair,2024-01-21 18:08:38,2024-01-21 18:33:49,96,Complaint,Technical,Email,Y,3,N
CALL0145,AGT011,Anita Bose,2024-01-23 22:05:41,2024-01-23 22:29:34,443,Sales,Retention,Phone,Y,3,N
CALL0146,AGT004,Amit Joshi,2024-01-11 21:12:14,2024-01-11 21:17:55,168,Billing,Retention,Phone,Y,5,N
CALL0147,AGT014,Deepak Shah,2024-01-24 22:02:42,2024-01-24 22:15:11,144,Sales,Technical,Phone,N,3,Y
CALL0148,AGT013,Lakshmi Iyer,2024-01-06 20:02:26,2024-01-06 20:15:52,253,General,Retention,Email,Y,3,N
CALL0149,AGT009,Neha Gupta,2024-01-08 15:51:50,2024-01-08 16:08:50,208,Complaint,Technical,Chat,Y,4,N
CALL0150,AGT009,Neha Gupta,2024-01-17 19:10:52,2024-01-17 19:18:40,151,Complaint,Support,Email,Y,4,N
CALL0151,AGT009,Neha Gupta,2024-01-04 22:54:07,2024-01-04 23:04:50,95,Technical,Retention,Chat,Y,3,N
CALL0152,AGT014,Deepak Shah,2024-01-14 08:58:14,2024-01-14 09:27:06,471,Complaint,Support,Chat,N,3,N
CALL0153,AGT007,Pooja Singh,2024-01-03 17:14:01,2024-01-03 17:25:53,111,Complaint,Sales,Phone,N,2,Y
CALL0154,AGT003,Sneha Patil,2024-01-25 21:28:39,2024-01-25 21:29:49,91,Billing,Retention,Phone,Y,5,N
CALL0155,AGT012,Sanjay Tiwari,2024-01-20 22:27:07,2024-01-20 22:54:36,305,Technical,Retention,Phone,N,2,Y
CALL0156,AGT010,Vijay Rao,2024-01-15 08:07:53,2024-01-15 08:25:56,558,Billing,Sales,Email,N,2,N
CALL0157,AGT006,Rohan Desai,2024-01-08 19:11:42,2024-01-08 19:35:30,97,Sales,Retention,Phone,Y,5,N
CALL0158,AGT009,Neha Gupta,2024-01-26 22:35:01,2024-01-26 22:49:20,491,Billing,Technical,Chat,Y,3,N
CALL0159,AGT006,Rohan Desai,2024-01-26 08:22:15,2024-01-26 08:48:16,116,Sales,Retention,Phone,N,3,N
CALL0160,AGT011,Anita Bose,2024-01-06 20:44:30,2024-01-06 21:07:03,196,Technical,Support,Email,Y,4,N
CALL0161,AGT001,Priya Sharma,2024-01-10 12:02:50,2024-01-10 12:10:38,52,Complaint,Retention,Email,Y,5,N
CALL0162,AGT008,Kiran Kumar,2024-01-09 07:48:41,2024-01-09 07:56:12,302,Complaint,Support,Email,Y,3,N
CALL0163,AGT013,Lakshmi Iyer,2024-01-12 19:56:25,2024-01-12 20:22:47,460,General,Retention,Phone,Y,4,N
CALL0164,AGT006,Rohan Desai,2024-01-26 22:17:51,2024-01-26 22:21:40,444,Billing,Technical,Email,Y,3,N
CALL0165,AGT009,Neha Gupta,2024-01-10 16:06:05,2024-01-10 16:18:16,312,Complaint,Technical,Email,Y,3,N
CALL0166,AGT012,Sanjay Tiwari,2024-01-15 17:28:02,2024-01-15 17:53:50,371,Sales,Technical,Chat,Y,3,N
CALL0167,AGT002,Rahul Mehta,2024-01-22 18:23:32,2024-01-22 18:51:52,173,Billing,Sales,Email,Y,4,N
CALL0168,AGT001,Priya Sharma,2024-01-05 08:15:49,2024-01-05 08:38:50,385,Complaint,Technical,Email,N,1,Y
CALL0169,AGT006,Rohan Desai,2024-01-12 20:48:04,2024-01-12 21:08:39,150,Sales,Retention,Chat,Y,4,N
CALL0170,AGT004,Amit Joshi,2024-01-04 06:47:11,2024-01-04 07:05:13,540,General,Support,Chat,Y,5,N
CALL0171,AGT008,Kiran Kumar,2024-01-07 15:44:58,2024-01-07 16:02:43,214,Billing,Sales,Phone,Y,5,N
CALL0172,AGT008,Kiran Kumar,2024-01-03 16:42:22,2024-01-03 17:07:35,76,Sales,Retention,Chat,Y,5,N
CALL0173,AGT012,Sanjay Tiwari,2024-01-23 11:50:23,2024-01-23 12:08:44,239,Billing,Sales,Phone,N,2,N
CALL0174,AGT009,Neha Gupta,2024-01-19 17:29:51,2024-01-19 17:49:40,142,Sales,Support,Phone,Y,5,N
CALL0175,AGT012,Sanjay Tiwari,2024-01-16 22:26:49,2024-01-16 22:41:47,598,Billing,Sales,Chat,Y,4,N
CALL0176,AGT008,Kiran Kumar,2024-01-22 22:22:08,2024-01-22 22:51:25,574,Sales,Sales,Phone,Y,3,N
CALL0177,AGT014,Deepak Shah,2024-01-04 22:09:19,2024-01-04 22:15:56,175,Complaint,Sales,Chat,Y,5,N
CALL0178,AGT015,Meera Pillai,2024-01-10 08:16:12,2024-01-10 08:38:52,574,Complaint,Sales,Email,Y,5,N
CALL0179,AGT002,Rahul Mehta,2024-01-17 11:37:37,2024-01-17 11:43:52,185,Sales,Retention,Email,N,1,N
CALL0180,AGT011,Anita Bose,2024-01-25 14:41:13,2024-01-25 15:08:23,595,General,Support,Chat,Y,5,N
CALL0181,AGT005,Divya Nair,2024-01-21 15:30:15,2024-01-21 15:58:43,425,Complaint,Technical,Phone,Y,3,N
CALL0182,AGT008,Kiran Kumar,2024-01-14 21:29:13,2024-01-14 21:41:49,157,Complaint,Retention,Email,Y,4,N
CALL0183,AGT007,Pooja Singh,2024-01-05 17:32:35,2024-01-05 17:37:12,336,Technical,Technical,Phone,Y,3,N
CALL0184,AGT003,Sneha Patil,2024-01-04 07:18:24,2024-01-04 07:40:24,438,Technical,Sales,Chat,Y,5,N
CALL0185,AGT006,Rohan Desai,2024-01-07 11:31:32,2024-01-07 11:48:28,520,Complaint,Technical,Phone,N,2,Y
CALL0186,AGT004,Amit Joshi,2024-01-07 17:03:03,2024-01-07 17:13:39,516,Sales,Technical,Chat,Y,3,N
CALL0187,AGT007,Pooja Singh,2024-01-05 14:46:23,2024-01-05 15:13:27,422,Complaint,Support,Chat,N,3,N
CALL0188,AGT009,Neha Gupta,2024-01-10 08:24:32,2024-01-10 08:40:54,573,Complaint,Support,Phone,Y,4,N
CALL0189,AGT006,Rohan Desai,2024-01-26 16:35:23,2024-01-26 17:02:09,157,Technical,Technical,Email,N,1,N
CALL0190,AGT006,Rohan Desai,2024-01-26 21:33:29,2024-01-26 21:39:34,537,Technical,Retention,Email,Y,4,N
CALL0191,AGT010,Vijay Rao,2024-01-24 15:37:21,2024-01-24 15:55:39,531,Sales,Technical,Email,Y,4,N
CALL0192,AGT014,Deepak Shah,2024-01-01 17:21:43,2024-01-01 17:26:27,436,Sales,Retention,Email,Y,5,N
CALL0193,AGT001,Priya Sharma,2024-01-20 21:16:41,2024-01-20 21:44:24,243,Billing,Technical,Phone,Y,5,N
CALL0194,AGT010,Vijay Rao,2024-01-25 18:09:52,2024-01-25 18:34:06,258,Billing,Support,Phone,N,2,N
CALL0195,AGT007,Pooja Singh,2024-01-23 12:26:32,2024-01-23 12:53:59,492,Billing,Sales,Email,N,2,Y
CALL0196,AGT008,Kiran Kumar,2024-01-17 18:20:11,2024-01-17 18:36:52,555,Complaint,Retention,Email,Y,5,N
CALL0197,AGT011,Anita Bose,2024-01-21 14:39:30,2024-01-21 14:47:03,262,Complaint,Retention,Phone,Y,4,N
CALL0198,AGT013,Lakshmi Iyer,2024-01-10 12:44:45,2024-01-10 13:02:26,334,General,Retention,Email,Y,5,N
CALL0199,AGT005,Divya Nair,2024-01-10 09:36:43,2024-01-10 09:56:15,398,General,Retention,Phone,Y,4,N
CALL0200,AGT012,Sanjay Tiwari,2024-01-03 17:59:28,2024-01-03 18:22:51,272,General,Sales,Phone,Y,4,N
CALL0201,AGT015,Meera Pillai,2024-01-18 14:08:06,2024-01-18 14:30:06,255,Technical,Support,Email,Y,3,N
CALL0202,AGT011,Anita Bose,2024-01-08 07:06:26,2024-01-08 07:18:42,493,Billing,Sales,Phone,Y,3,N
CALL0203,AGT007,Pooja Singh,2024-01-21 21:30:41,2024-01-21 21:38:29,304,Complaint,Retention,Email,N,1,Y
CALL0204,AGT004,Amit Joshi,2024-01-18 07:58:58,2024-01-18 08:05:56,437,Technical,Support,Chat,Y,3,N
CALL0205,AGT015,Meera Pillai,2024-01-24 15:56:02,2024-01-24 15:57:20,315,Sales,Support,Chat,Y,5,N
CALL0206,AGT009,Neha Gupta,2024-01-17 21:56:08,2024-01-17 22:14:20,489,Complaint,Sales,Phone,Y,5,N
CALL0207,AGT008,Kiran Kumar,2024-01-21 14:45:11,2024-01-21 14:46:39,355,Complaint,Sales,Phone,Y,5,N
CALL0208,AGT015,Meera Pillai,2024-01-13 19:32:20,2024-01-13 19:36:17,420,Billing,Sales,Phone,Y,3,N
CALL0209,AGT001,Priya Sharma,2024-01-09 18:15:28,2024-01-09 18:42:11,283,Complaint,Retention,Email,Y,3,N
CALL0210,AGT005,Divya Nair,2024-01-21 17:44:15,2024-01-21 17:47:22,131,General,Retention,Phone,Y,5,N
CALL0211,AGT015,Meera Pillai,2024-01-23 15:44:07,2024-01-23 16:06:55,312,Complaint,Sales,Phone,Y,4,N
CALL0212,AGT003,Sneha Patil,2024-01-15 17:26:44,2024-01-15 17:46:28,492,Sales,Sales,Phone,Y,5,N
CALL0213,AGT014,Deepak Shah,2024-01-26 08:33:28,2024-01-26 08:52:29,380,Billing,Support,Phone,Y,5,N
CALL0214,AGT004,Amit Joshi,2024-01-19 10:10:20,2024-01-19 10:29:05,462,Billing,Sales,Email,Y,3,N
CALL0215,AGT015,Meera Pillai,2024-01-17 20:51:03,2024-01-17 21:07:31,145,Sales,Technical,Chat,Y,5,N
CALL0216,AGT008,Kiran Kumar,2024-01-22 15:46:01,2024-01-22 16:00:31,270,Billing,Sales,Email,N,2,N
CALL0217,AGT002,Rahul Mehta,2024-01-18 07:59:57,2024-01-18 08:03:18,493,Billing,Retention,Chat,N,1,Y
CALL0218,AGT012,Sanjay Tiwari,2024-01-21 19:23:57,2024-01-21 19:38:00,469,General,Technical,Phone,Y,5,N
CALL0219,AGT014,Deepak Shah,2024-01-18 10:41:55,2024-01-18 10:54:47,131,Technical,Technical,Email,N,1,Y
CALL0220,AGT013,Lakshmi Iyer,2024-01-01 15:29:43,2024-01-01 15:55:15,567,General,Technical,Phone,N,2,N
CALL0221,AGT004,Amit Joshi,2024-01-24 09:02:51,2024-01-24 09:26:23,439,Sales,Support,Phone,N,1,Y
CALL0222,AGT008,Kiran Kumar,2024-01-20 07:15:47,2024-01-20 07:18:17,421,General,Sales,Email,N,1,N
CALL0223,AGT005,Divya Nair,2024-01-08 16:36:38,2024-01-08 17:04:00,338,Technical,Retention,Phone,Y,5,N
CALL0224,AGT004,Amit Joshi,2024-01-14 15:17:03,2024-01-14 15:37:03,189,General,Technical,Phone,Y,5,N
CALL0225,AGT011,Anita Bose,2024-01-13 22:20:44,2024-01-13 22:35:56,428,Technical,Retention,Chat,N,3,N
CALL0226,AGT014,Deepak Shah,2024-01-08 15:54:45,2024-01-08 16:00:40,484,Billing,Technical,Chat,Y,3,N
CALL0227,AGT007,Pooja Singh,2024-01-08 14:13:21,2024-01-08 14:36:25,90,General,Retention,Phone,Y,3,N
CALL0228,AGT001,Priya Sharma,2024-01-09 18:43:38,2024-01-09 19:05:12,50,Billing,Sales,Email,Y,5,N
CALL0229,AGT004,Amit Joshi,2024-01-16 12:55:58,2024-01-16 13:08:19,320,Billing,Sales,Phone,Y,3,N
CALL0230,AGT012,Sanjay Tiwari,2024-01-25 21:58:15,2024-01-25 22:22:59,219,General,Sales,Email,Y,4,N
CALL0231,AGT007,Pooja Singh,2024-01-15 17:19:16,2024-01-15 17:32:32,535,General,Technical,Phone,Y,5,N
CALL0232,AGT008,Kiran Kumar,2024-01-25 16:58:13,2024-01-25 17:11:52,330,General,Support,Email,Y,5,N
CALL0233,AGT003,Sneha Patil,2024-01-01 14:35:59,2024-01-01 14:56:55,437,Complaint,Sales,Phone,Y,4,N
CALL0234,AGT010,Vijay Rao,2024-01-27 13:31:35,2024-01-27 13:54:55,355,Complaint,Technical,Email,Y,4,N
CALL0235,AGT008,Kiran Kumar,2024-01-06 17:10:08,2024-01-06 17:35:43,569,General,Sales,Email,Y,3,N
CALL0236,AGT009,Neha Gupta,2024-01-02 08:52:42,2024-01-02 08:55:21,16,General,Sales,Email,N,3,N
CALL0237,AGT004,Amit Joshi,2024-01-17 20:23:03,2024-01-17 20:45:08,504,General,Support,Phone,Y,4,N
CALL0238,AGT001,Priya Sharma,2024-01-01 22:46:17,2024-01-01 23:05:34,303,Billing,Technical,Phone,N,1,Y
CALL0239,AGT004,Amit Joshi,2024-01-07 22:16:52,2024-01-07 22:29:57,283,General,Support,Chat,Y,4,N
CALL0240,AGT010,Vijay Rao,2024-01-08 13:19:43,2024-01-08 13:48:58,92,Billing,Support,Chat,Y,5,N
CALL0241,AGT008,Kiran Kumar,2024-01-02 06:44:10,2024-01-02 06:47:59,521,General,Retention,Email,Y,3,N
CALL0242,AGT015,Meera Pillai,2024-01-17 07:14:13,2024-01-17 07:38:50,590,General,Retention,Phone,Y,5,N
CALL0243,AGT015,Meera Pillai,2024-01-09 07:11:59,2024-01-09 07:23:43,26,Technical,Sales,Email,Y,3,N
CALL0244,AGT005,Divya Nair,2024-01-06 13:36:53,2024-01-06 14:06:52,408,Sales,Retention,Chat,Y,3,N
CALL0245,AGT013,Lakshmi Iyer,2024-01-23 08:32:47,2024-01-23 08:45:35,64,Billing,Technical,Phone,Y,4,N
CALL0246,AGT010,Vijay Rao,2024-01-25 18:49:20,2024-01-25 18:51:20,289,General,Technical,Phone,Y,4,N
CALL0247,AGT007,Pooja Singh,2024-01-06 18:05:49,2024-01-06 18:27:55,312,Technical,Support,Phone,Y,4,N
CALL0248,AGT012,Sanjay Tiwari,2024-01-26 10:47:24,2024-01-26 10:59:12,379,Billing,Support,Phone,Y,4,N
CALL0249,AGT006,Rohan Desai,2024-01-25 14:06:08,2024-01-25 14:10:06,201,General,Technical,Email,Y,4,N
CALL0250,AGT002,Rahul Mehta,2024-01-01 08:22:35,2024-01-01 08:26:45,342,General,Support,Chat,Y,3,N
CALL0251,AGT012,Sanjay Tiwari,2024-01-18 13:36:33,2024-01-18 13:43:20,399,Technical,Sales,Chat,Y,4,N
CALL0252,AGT003,Sneha Patil,2024-01-03 11:27:17,2024-01-03 11:42:39,316,General,Support,Chat,Y,3,N
CALL0253,AGT012,Sanjay Tiwari,2024-01-21 21:38:39,2024-01-21 21:46:19,478,Billing,Sales,Chat,N,2,N
CALL0254,AGT010,Vijay Rao,2024-01-13 16:28:21,2024-01-13 16:44:02,149,Complaint,Retention,Email,Y,3,N
CALL0255,AGT008,Kiran Kumar,2024-01-11 11:25:20,2024-01-11 11:36:16,512,Sales,Sales,Chat,Y,4,N
CALL0256,AGT006,Rohan Desai,2024-01-04 12:37:34,2024-01-04 12:44:42,573,Billing,Technical,Email,N,2,Y
CALL0257,AGT002,Rahul Mehta,2024-01-27 19:43:31,2024-01-27 19:49:16,320,Technical,Retention,Email,N,2,Y
CALL0258,AGT002,Rahul Mehta,2024-01-15 21:37:25,2024-01-15 21:56:39,528,General,Support,Chat,Y,5,N
CALL0259,AGT010,Vijay Rao,2024-01-21 08:06:49,2024-01-21 08:16:17,373,Technical,Support,Email,Y,5,N
CALL0260,AGT011,Anita Bose,2024-01-13 16:50:27,2024-01-13 16:55:03,20,Billing,Retention,Phone,Y,5,N
CALL0261,AGT009,Neha Gupta,2024-01-19 13:28:23,2024-01-19 13:42:44,484,Sales,Sales,Chat,Y,4,N
CALL0262,AGT002,Rahul Mehta,2024-01-10 19:58:05,2024-01-10 20:03:02,155,Complaint,Retention,Chat,Y,3,N
CALL0263,AGT009,Neha Gupta,2024-01-16 17:30:06,2024-01-16 17:46:03,473,Complaint,Support,Chat,N,3,N
CALL0264,AGT014,Deepak Shah,2024-01-11 09:43:51,2024-01-11 09:50:27,259,Sales,Sales,Email,N,3,N
CALL0265,AGT008,Kiran Kumar,2024-01-08 18:40:11,2024-01-08 18:47:32,452,General,Support,Email,Y,3,N
CALL0266,AGT008,Kiran Kumar,2024-01-19 19:24:00,2024-01-19 19:49:03,229,Technical,Retention,Email,Y,3,N
CALL0267,AGT010,Vijay Rao,2024-01-04 11:23:20,2024-01-04 11:31:03,478,Billing,Retention,Email,Y,5,N
CALL0268,AGT011,Anita Bose,2024-01-11 18:39:25,2024-01-11 19:00:27,126,Complaint,Retention,Chat,Y,5,N
CALL0269,AGT012,Sanjay Tiwari,2024-01-26 15:58:39,2024-01-26 16:19:47,96,Technical,Retention,Phone,N,1,N
CALL0270,AGT012,Sanjay Tiwari,2024-01-05 22:24:26,2024-01-05 22:45:47,151,Sales,Technical,Chat,N,3,Y
CALL0271,AGT015,Meera Pillai,2024-01-21 11:35:10,2024-01-21 11:52:52,305,Technical,Sales,Chat,Y,5,N
CALL0272,AGT001,Priya Sharma,2024-01-28 17:00:31,2024-01-28 17:06:10,209,General,Technical,Chat,Y,4,N
CALL0273,AGT012,Sanjay Tiwari,2024-01-27 20:31:10,2024-01-27 20:34:59,588,Billing,Sales,Chat,N,1,Y
CALL0274,AGT003,Sneha Patil,2024-01-25 20:36:47,2024-01-25 21:04:09,517,Sales,Support,Email,N,3,Y
CALL0275,AGT006,Rohan Desai,2024-01-18 07:48:46,2024-01-18 08:04:49,569,Technical,Technical,Phone,Y,5,N
CALL0276,AGT013,Lakshmi Iyer,2024-01-08 15:55:02,2024-01-08 16:11:23,279,Complaint,Support,Chat,Y,3,N
CALL0277,AGT013,Lakshmi Iyer,2024-01-26 13:13:51,2024-01-26 13:40:01,369,Sales,Technical,Phone,Y,3,N
CALL0278,AGT014,Deepak Shah,2024-01-07 07:36:22,2024-01-07 07:55:32,297,Sales,Sales,Chat,Y,4,N
CALL0279,AGT005,Divya Nair,2024-01-19 14:54:32,2024-01-19 15:18:43,107,Technical,Technical,Phone,Y,5,N
CALL0280,AGT003,Sneha Patil,2024-01-23 10:15:09,2024-01-23 10:40:25,339,Technical,Technical,Chat,N,3,N
CALL0281,AGT007,Pooja Singh,2024-01-13 20:04:40,2024-01-13 20:32:47,105,General,Retention,Email,Y,4,N
CALL0282,AGT008,Kiran Kumar,2024-01-16 16:37:00,2024-01-16 17:04:25,105,General,Retention,Phone,Y,4,N
CALL0283,AGT004,Amit Joshi,2024-01-14 12:31:17,2024-01-14 12:43:18,300,Complaint,Sales,Email,Y,4,N
CALL0284,AGT015,Meera Pillai,2024-01-22 07:02:06,2024-01-22 07:24:28,480,Billing,Support,Phone,Y,3,N
CALL0285,AGT007,Pooja Singh,2024-01-07 10:56:41,2024-01-07 11:07:59,172,Complaint,Support,Email,Y,3,N
CALL0286,AGT006,Rohan Desai,2024-01-22 11:03:25,2024-01-22 11:25:46,322,Technical,Technical,Email,N,1,N
CALL0287,AGT008,Kiran Kumar,2024-01-03 10:37:14,2024-01-03 10:55:57,465,Billing,Support,Email,Y,3,N
CALL0288,AGT014,Deepak Shah,2024-01-14 10:30:04,2024-01-14 10:38:52,402,Billing,Support,Phone,Y,4,N
CALL0289,AGT003,Sneha Patil,2024-01-13 10:41:43,2024-01-13 10:47:35,80,Sales,Support,Email,Y,4,N
CALL0290,AGT006,Rohan Desai,2024-01-24 12:40:47,2024-01-24 12:46:57,431,Sales,Technical,Phone,N,1,N
CALL0291,AGT002,Rahul Mehta,2024-01-19 18:22:27,2024-01-19 18:34:11,153,Technical,Retention,Email,N,3,Y
CALL0292,AGT012,Sanjay Tiwari,2024-01-20 15:49:44,2024-01-20 15:51:38,318,Technical,Sales,Email,Y,5,N
CALL0293,AGT001,Priya Sharma,2024-01-26 13:31:24,2024-01-26 13:36:14,256,General,Support,Email,Y,3,N
CALL0294,AGT006,Rohan Desai,2024-01-11 10:24:55,2024-01-11 10:54:33,592,General,Retention,Email,Y,4,N
CALL0295,AGT013,Lakshmi Iyer,2024-01-03 06:37:04,2024-01-03 06:38:32,278,Technical,Support,Phone,Y,4,N
CALL0296,AGT009,Neha Gupta,2024-01-10 22:49:26,2024-01-10 23:04:53,421,Billing,Sales,Chat,N,1,Y
CALL0297,AGT004,Amit Joshi,2024-01-26 10:34:20,2024-01-26 10:48:40,77,Complaint,Technical,Email,Y,3,N
CALL0298,AGT001,Priya Sharma,2024-01-08 08:59:27,2024-01-08 09:04:24,474,Sales,Support,Chat,Y,5,N
CALL0299,AGT012,Sanjay Tiwari,2024-01-06 09:00:45,2024-01-06 09:06:26,21,Technical,Technical,Chat,Y,5,N
CALL0300,AGT005,Divya Nair,2024-01-06 17:08:47,2024-01-06 17:36:26,285,Billing,Support,Chat,Y,4,N
CALL0301,AGT009,Neha Gupta,2024-01-03 14:45:36,2024-01-03 15:08:01,88,General,Technical,Email,Y,4,N
CALL0302,AGT014,Deepak Shah,2024-01-19 11:23:10,2024-01-19 11:32:52,115,Sales,Support,Phone,Y,3,N
CALL0303,AGT001,Priya Sharma,2024-01-28 06:15:02,2024-01-28 06:32:08,382,General,Sales,Phone,Y,3,N
CALL0304,AGT009,Neha Gupta,2024-01-26 19:14:20,2024-01-26 19:23:48,436,Complaint,Retention,Phone,Y,3,N
CALL0305,AGT009,Neha Gupta,2024-01-22 07:11:14,2024-01-22 07:39:41,538,Billing,Technical,Phone,Y,4,N
CALL0306,AGT013,Lakshmi Iyer,2024-01-28 15:20:05,2024-01-28 15:39:57,477,Billing,Retention,Phone,Y,4,N
CALL0307,AGT012,Sanjay Tiwari,2024-01-20 13:29:23,2024-01-20 13:50:34,515,Technical,Sales,Phone,N,2,N
CALL0308,AGT009,Neha Gupta,2024-01-12 06:21:00,2024-01-12 06:47:54,395,Complaint,Support,Phone,Y,3,N
CALL0309,AGT007,Pooja Singh,2024-01-16 07:09:45,2024-01-16 07:20:18,105,Billing,Sales,Email,Y,4,N
CALL0310,AGT008,Kiran Kumar,2024-01-24 08:37:06,2024-01-24 08:55:21,146,General,Support,Email,Y,4,N
CALL0311,AGT011,Anita Bose,2024-01-05 13:18:16,2024-01-05 13:30:01,412,Complaint,Retention,Chat,Y,3,N
CALL0312,AGT004,Amit Joshi,2024-01-05 09:09:06,2024-01-05 09:15:42,470,General,Retention,Chat,N,2,Y
CALL0313,AGT004,Amit Joshi,2024-01-15 15:29:16,2024-01-15 15:34:21,102,Technical,Retention,Email,Y,3,N
CALL0314,AGT004,Amit Joshi,2024-01-27 16:09:05,2024-01-27 16:34:21,264,Complaint,Technical,Email,N,2,N
CALL0315,AGT003,Sneha Patil,2024-01-01 18:54:28,2024-01-01 19:14:26,573,Technical,Support,Chat,N,1,N
CALL0316,AGT001,Priya Sharma,2024-01-27 13:08:12,2024-01-27 13:37:18,420,Complaint,Support,Email,Y,3,N
CALL0317,AGT001,Priya Sharma,2024-01-03 12:57:41,2024-01-03 13:13:49,141,Billing,Retention,Phone,N,2,N
CALL0318,AGT015,Meera Pillai,2024-01-19 19:52:46,2024-01-19 20:07:14,518,Billing,Technical,Email,Y,4,N
CALL0319,AGT004,Amit Joshi,2024-01-06 14:17:28,2024-01-06 14:23:32,45,Sales,Sales,Email,Y,4,N
CALL0320,AGT015,Meera Pillai,2024-01-18 21:03:05,2024-01-18 21:13:37,402,Technical,Technical,Phone,Y,5,N
CALL0321,AGT004,Amit Joshi,2024-01-21 06:24:50,2024-01-21 06:50:10,377,General,Technical,Chat,Y,5,N
CALL0322,AGT006,Rohan Desai,2024-01-13 14:11:01,2024-01-13 14:22:54,234,Billing,Retention,Phone,Y,4,N
CALL0323,AGT009,Neha Gupta,2024-01-12 13:10:06,2024-01-12 13:19:33,256,Complaint,Support,Phone,Y,4,N
CALL0324,AGT006,Rohan Desai,2024-01-27 11:11:15,2024-01-27 11:32:28,335,Complaint,Support,Email,Y,5,N
CALL0325,AGT010,Vijay Rao,2024-01-05 12:53:51,2024-01-05 13:11:39,565,Complaint,Sales,Chat,N,1,N
CALL0326,AGT004,Amit Joshi,2024-01-01 22:30:00,2024-01-01 22:42:19,216,Technical,Retention,Email,N,2,N
CALL0327,AGT003,Sneha Patil,2024-01-19 10:49:07,2024-01-19 11:19:00,548,Complaint,Support,Chat,Y,5,N
CALL0328,AGT007,Pooja Singh,2024-01-19 09:21:19,2024-01-19 09:33:19,149,Technical,Technical,Email,Y,5,N
CALL0329,AGT006,Rohan Desai,2024-01-06 17:14:42,2024-01-06 17:35:48,189,General,Retention,Email,Y,3,N
CALL0330,AGT003,Sneha Patil,2024-01-24 06:44:36,2024-01-24 06:58:57,591,Billing,Sales,Email,Y,5,N
CALL0331,AGT004,Amit Joshi,2024-01-21 09:59:31,2024-01-21 10:05:19,349,Billing,Sales,Chat,Y,3,N
CALL0332,AGT011,Anita Bose,2024-01-03 16:28:00,2024-01-03 16:38:03,224,Technical,Support,Chat,Y,3,N
CALL0333,AGT012,Sanjay Tiwari,2024-01-01 07:24:28,2024-01-01 07:50:28,439,Technical,Technical,Chat,Y,4,N
CALL0334,AGT009,Neha Gupta,2024-01-13 09:53:30,2024-01-13 10:21:25,240,Technical,Technical,Phone,Y,3,N
CALL0335,AGT005,Divya Nair,2024-01-01 16:16:06,2024-01-01 16:19:37,360,Technical,Technical,Phone,Y,5,N
CALL0336,AGT015,Meera Pillai,2024-01-03 16:38:39,2024-01-03 16:56:07,41,General,Sales,Email,Y,3,N
CALL0337,AGT001,Priya Sharma,2024-01-04 16:13:12,2024-01-04 16:28:10,577,Sales,Retention,Email,Y,3,N
CALL0338,AGT002,Rahul Mehta,2024-01-02 18:36:35,2024-01-02 19:06:15,512,Technical,Support,Chat,N,1,N
CALL0339,AGT011,Anita Bose,2024-01-21 21:12:06,2024-01-21 21:13:58,221,Technical,Retention,Phone,Y,3,N
CALL0340,AGT005,Divya Nair,2024-01-26 18:30:31,2024-01-26 18:54:04,281,Billing,Technical,Phone,Y,4,N
CALL0341,AGT006,Rohan Desai,2024-01-06 20:02:16,2024-01-06 20:18:16,486,Complaint,Sales,Chat,Y,3,N
CALL0342,AGT013,Lakshmi Iyer,2024-01-23 09:05:42,2024-01-23 09:18:26,564,General,Sales,Email,N,2,Y
CALL0343,AGT007,Pooja Singh,2024-01-18 21:36:56,2024-01-18 21:45:58,497,Complaint,Support,Chat,Y,5,N
CALL0344,AGT001,Priya Sharma,2024-01-17 22:51:36,2024-01-17 23:15:43,160,Billing,Technical,Phone,Y,3,N
CALL0345,AGT004,Amit Joshi,2024-01-26 12:08:02,2024-01-26 12:23:29,90,General,Sales,Email,N,3,N
CALL0346,AGT015,Meera Pillai,2024-01-24 08:05:24,2024-01-24 08:25:23,416,Sales,Retention,Chat,Y,3,N
CALL0347,AGT013,Lakshmi Iyer,2024-01-23 22:50:26,2024-01-23 22:55:16,434,Technical,Sales,Email,Y,3,N
CALL0348,AGT015,Meera Pillai,2024-01-04 09:50:18,2024-01-04 10:09:34,362,General,Retention,Chat,Y,5,N
CALL0349,AGT010,Vijay Rao,2024-01-16 07:11:17,2024-01-16 07:26:02,157,Sales,Technical,Phone,Y,4,N
CALL0350,AGT012,Sanjay Tiwari,2024-01-08 07:47:30,2024-01-08 07:57:40,391,Billing,Retention,Chat,Y,4,N
CALL0351,AGT014,Deepak Shah,2024-01-23 09:55:14,2024-01-23 10:00:49,317,General,Retention,Chat,Y,5,N
CALL0352,AGT011,Anita Bose,2024-01-03 12:28:13,2024-01-03 12:57:20,426,General,Retention,Phone,Y,3,N
CALL0353,AGT002,Rahul Mehta,2024-01-10 22:25:08,2024-01-10 22:52:46,546,Sales,Support,Phone,N,1,Y
CALL0354,AGT004,Amit Joshi,2024-01-02 20:03:58,2024-01-02 20:17:16,213,Complaint,Retention,Chat,Y,5,N
CALL0355,AGT015,Meera Pillai,2024-01-04 06:15:23,2024-01-04 06:33:04,466,Technical,Technical,Email,Y,4,N
CALL0356,AGT003,Sneha Patil,2024-01-27 14:47:53,2024-01-27 15:12:23,102,Complaint,Support,Chat,N,3,Y
CALL0357,AGT004,Amit Joshi,2024-01-28 13:41:14,2024-01-28 14:05:21,221,Complaint,Technical,Email,N,3,N
CALL0358,AGT015,Meera Pillai,2024-01-05 11:38:51,2024-01-05 11:40:08,239,Complaint,Retention,Email,Y,5,N
CALL0359,AGT005,Divya Nair,2024-01-14 18:54:22,2024-01-14 19:11:02,268,Technical,Technical,Chat,Y,5,N
CALL0360,AGT007,Pooja Singh,2024-01-19 09:00:32,2024-01-19 09:24:08,393,Sales,Retention,Chat,Y,4,N
CALL0361,AGT002,Rahul Mehta,2024-01-11 14:40:20,2024-01-11 14:50:47,277,Complaint,Sales,Phone,Y,3,N
CALL0362,AGT015,Meera Pillai,2024-01-02 18:42:20,2024-01-02 19:06:34,153,Billing,Technical,Chat,Y,4,N
CALL0363,AGT007,Pooja Singh,2024-01-13 07:37:45,2024-01-13 07:58:16,204,Complaint,Sales,Email,Y,4,N
CALL0364,AGT015,Meera Pillai,2024-01-22 17:32:19,2024-01-22 18:02:10,184,Sales,Sales,Chat,N,1,Y
CALL0365,AGT012,Sanjay Tiwari,2024-01-26 11:43:57,2024-01-26 11:56:24,101,Technical,Retention,Phone,Y,4,N
CALL0366,AGT007,Pooja Singh,2024-01-26 16:23:16,2024-01-26 16:44:15,311,General,Support,Chat,N,3,Y
CALL0367,AGT010,Vijay Rao,2024-01-03 21:56:12,2024-01-03 22:14:16,132,General,Retention,Chat,N,1,N
CALL0368,AGT004,Amit Joshi,2024-01-11 19:36:57,2024-01-11 19:53:34,156,Complaint,Sales,Phone,Y,5,N
CALL0369,AGT003,Sneha Patil,2024-01-11 07:00:28,2024-01-11 07:10:48,224,Technical,Sales,Chat,Y,3,N
CALL0370,AGT003,Sneha Patil,2024-01-20 19:40:27,2024-01-20 19:55:13,449,General,Technical,Phone,N,1,Y
CALL0371,AGT001,Priya Sharma,2024-01-11 22:12:01,2024-01-11 22:36:06,14,Technical,Sales,Email,Y,4,N
CALL0372,AGT003,Sneha Patil,2024-01-04 18:32:37,2024-01-04 18:44:03,181,Billing,Support,Chat,Y,4,N
CALL0373,AGT012,Sanjay Tiwari,2024-01-17 22:21:27,2024-01-17 22:45:53,147,Complaint,Technical,Chat,Y,3,N
CALL0374,AGT015,Meera Pillai,2024-01-26 18:01:14,2024-01-26 18:09:53,144,Technical,Support,Email,Y,3,N
CALL0375,AGT006,Rohan Desai,2024-01-23 07:24:56,2024-01-23 07:47:47,271,Sales,Support,Email,Y,5,N
CALL0376,AGT002,Rahul Mehta,2024-01-21 06:03:44,2024-01-21 06:08:41,436,General,Technical,Phone,Y,4,N
CALL0377,AGT012,Sanjay Tiwari,2024-01-05 12:44:43,2024-01-05 13:07:13,19,Complaint,Technical,Email,N,3,N
CALL0378,AGT010,Vijay Rao,2024-01-23 10:26:53,2024-01-23 10:31:27,533,Sales,Support,Chat,N,1,N
CALL0379,AGT010,Vijay Rao,2024-01-07 14:53:33,2024-01-07 15:01:26,376,General,Retention,Phone,N,2,Y
CALL0380,AGT012,Sanjay Tiwari,2024-01-16 16:15:00,2024-01-16 16:16:26,101,Billing,Technical,Phone,Y,5,N
CALL0381,AGT002,Rahul Mehta,2024-01-24 09:57:16,2024-01-24 10:20:15,246,General,Retention,Chat,Y,3,N
CALL0382,AGT014,Deepak Shah,2024-01-06 07:54:18,2024-01-06 08:07:35,330,General,Support,Phone,Y,3,N
CALL0383,AGT001,Priya Sharma,2024-01-28 10:42:41,2024-01-28 10:49:30,346,Complaint,Technical,Email,Y,5,N
CALL0384,AGT002,Rahul Mehta,2024-01-12 16:11:07,2024-01-12 16:25:47,419,General,Retention,Chat,Y,4,N
CALL0385,AGT013,Lakshmi Iyer,2024-01-14 11:07:08,2024-01-14 11:31:53,70,Technical,Support,Chat,Y,4,N
CALL0386,AGT013,Lakshmi Iyer,2024-01-19 20:11:39,2024-01-19 20:25:36,377,Sales,Support,Email,Y,5,N
CALL0387,AGT015,Meera Pillai,2024-01-05 21:58:31,2024-01-05 22:03:22,431,General,Support,Phone,Y,4,N
CALL0388,AGT001,Priya Sharma,2024-01-23 22:49:47,2024-01-23 23:10:27,588,Technical,Retention,Email,Y,5,N
CALL0389,AGT010,Vijay Rao,2024-01-04 19:42:46,2024-01-04 19:52:15,503,Complaint,Technical,Phone,Y,5,N
CALL0390,AGT015,Meera Pillai,2024-01-20 07:00:41,2024-01-20 07:07:02,527,General,Technical,Phone,N,2,N
CALL0391,AGT006,Rohan Desai,2024-01-09 07:32:14,2024-01-09 07:52:01,397,General,Sales,Phone,Y,5,N
CALL0392,AGT008,Kiran Kumar,2024-01-03 21:28:20,2024-01-03 21:33:23,519,Billing,Support,Chat,Y,5,N
CALL0393,AGT009,Neha Gupta,2024-01-01 08:50:38,2024-01-01 09:12:45,321,Sales,Sales,Email,Y,4,N
CALL0394,AGT006,Rohan Desai,2024-01-27 07:52:14,2024-01-27 08:22:03,475,Complaint,Technical,Email,Y,5,N
CALL0395,AGT008,Kiran Kumar,2024-01-04 09:48:42,2024-01-04 09:57:16,12,Complaint,Retention,Email,Y,4,N
CALL0396,AGT009,Neha Gupta,2024-01-17 17:44:06,2024-01-17 17:46:39,178,General,Sales,Email,Y,4,N
CALL0397,AGT002,Rahul Mehta,2024-01-09 12:12:07,2024-01-09 12:26:31,230,General,Sales,Email,Y,4,N
CALL0398,AGT001,Priya Sharma,2024-01-21 09:49:57,2024-01-21 10:06:19,478,Sales,Sales,Chat,N,3,N
CALL0399,AGT015,Meera Pillai,2024-01-14 21:59:32,2024-01-14 22:27:11,191,Sales,Sales,Email,Y,3,N
CALL0400,AGT007,Pooja Singh,2024-01-22 16:32:56,2024-01-22 16:47:03,438,Sales,Sales,Chat,Y,4,N
CALL0401,AGT005,Divya Nair,2024-01-15 10:08:26,2024-01-15 10:29:59,534,Complaint,Retention,Email,Y,5,N
CALL0402,AGT011,Anita Bose,2024-01-07 12:13:39,2024-01-07 12:39:02,307,Complaint,Sales,Email,Y,3,N
CALL0403,AGT009,Neha Gupta,2024-01-18 16:45:07,2024-01-18 17:12:05,370,Sales,Technical,Email,Y,5,N
CALL0404,AGT012,Sanjay Tiwari,2024-01-14 15:56:54,2024-01-14 16:12:19,23,Sales,Support,Phone,Y,3,N
CALL0405,AGT011,Anita Bose,2024-01-02 12:17:48,2024-01-02 12:45:36,174,Complaint,Retention,Phone,Y,5,N
CALL0406,AGT013,Lakshmi Iyer,2024-01-10 12:48:34,2024-01-10 12:50:40,377,General,Support,Email,Y,5,N
CALL0407,AGT009,Neha Gupta,2024-01-28 13:47:41,2024-01-28 14:07:50,408,Technical,Retention,Email,Y,4,N
CALL0408,AGT007,Pooja Singh,2024-01-14 16:35:03,2024-01-14 16:36:29,267,Technical,Technical,Phone,Y,5,N
CALL0409,AGT012,Sanjay Tiwari,2024-01-21 17:48:37,2024-01-21 18:08:16,211,Technical,Retention,Chat,N,3,N
CALL0410,AGT003,Sneha Patil,2024-01-24 22:07:24,2024-01-24 22:09:47,448,Complaint,Retention,Phone,N,2,N
CALL0411,AGT008,Kiran Kumar,2024-01-23 10:02:09,2024-01-23 10:14:09,62,Sales,Retention,Chat,Y,5,N
CALL0412,AGT006,Rohan Desai,2024-01-03 16:33:14,2024-01-03 16:40:30,543,Billing,Sales,Chat,Y,4,N
CALL0413,AGT002,Rahul Mehta,2024-01-12 13:56:13,2024-01-12 14:19:51,349,Complaint,Retention,Chat,N,3,Y
CALL0414,AGT009,Neha Gupta,2024-01-27 06:07:42,2024-01-27 06:20:30,466,Technical,Sales,Phone,Y,4,N
CALL0415,AGT007,Pooja Singh,2024-01-26 09:24:16,2024-01-26 09:43:42,299,Billing,Retention,Email,Y,4,N
CALL0416,AGT008,Kiran Kumar,2024-01-02 15:57:41,2024-01-02 16:05:15,338,Sales,Support,Phone,N,3,Y
CALL0417,AGT011,Anita Bose,2024-01-03 12:42:40,2024-01-03 13:10:04,228,General,Support,Phone,Y,5,N
CALL0418,AGT015,Meera Pillai,2024-01-24 19:41:52,2024-01-24 19:45:19,167,Billing,Technical,Email,Y,3,N
CALL0419,AGT002,Rahul Mehta,2024-01-02 11:50:16,2024-01-02 12:10:18,82,Sales,Sales,Chat,Y,4,N
CALL0420,AGT011,Anita Bose,2024-01-13 19:20:01,2024-01-13 19:34:18,131,Sales,Support,Email,Y,3,N
CALL0421,AGT013,Lakshmi Iyer,2024-01-24 07:44:54,2024-01-24 07:48:22,376,Sales,Support,Chat,Y,4,N
CALL0422,AGT010,Vijay Rao,2024-01-03 15:48:59,2024-01-03 16:04:55,400,General,Support,Chat,N,1,N
CALL0423,AGT007,Pooja Singh,2024-01-26 15:40:09,2024-01-26 15:51:19,392,Billing,Sales,Phone,N,3,Y
CALL0424,AGT009,Neha Gupta,2024-01-18 08:19:13,2024-01-18 08:45:45,362,Technical,Technical,Email,Y,3,N
CALL0425,AGT003,Sneha Patil,2024-01-06 13:39:53,2024-01-06 13:49:30,208,Billing,Sales,Email,Y,3,N
CALL0426,AGT014,Deepak Shah,2024-01-25 20:41:35,2024-01-25 20:45:04,307,Billing,Retention,Phone,N,3,N
CALL0427,AGT006,Rohan Desai,2024-01-12 10:42:41,2024-01-12 10:51:41,112,Complaint,Support,Phone,Y,4,N
CALL0428,AGT006,Rohan Desai,2024-01-20 15:44:37,2024-01-20 15:50:49,589,Sales,Retention,Chat,Y,3,N
CALL0429,AGT001,Priya Sharma,2024-01-11 13:50:14,2024-01-11 14:15:32,456,Complaint,Retention,Phone,Y,4,N
CALL0430,AGT015,Meera Pillai,2024-01-16 20:28:22,2024-01-16 20:55:48,322,General,Support,Phone,Y,3,N
CALL0431,AGT014,Deepak Shah,2024-01-09 10:57:34,2024-01-09 11:05:16,279,Billing,Support,Phone,Y,5,N
CALL0432,AGT001,Priya Sharma,2024-01-27 18:49:37,2024-01-27 18:57:52,47,Sales,Retention,Email,Y,5,N
CALL0433,AGT008,Kiran Kumar,2024-01-21 10:23:25,2024-01-21 10:32:02,307,Technical,Technical,Email,Y,4,N
CALL0434,AGT006,Rohan Desai,2024-01-17 06:42:15,2024-01-17 07:12:11,179,Sales,Sales,Chat,N,3,Y
CALL0435,AGT011,Anita Bose,2024-01-28 10:47:46,2024-01-28 11:05:16,377,Billing,Sales,Chat,N,2,N
CALL0436,AGT001,Priya Sharma,2024-01-22 12:33:58,2024-01-22 13:01:58,379,General,Technical,Chat,Y,3,N
CALL0437,AGT011,Anita Bose,2024-01-11 09:45:33,2024-01-11 10:08:10,290,Complaint,Sales,Chat,Y,4,N
CALL0438,AGT010,Vijay Rao,2024-01-21 08:33:16,2024-01-21 08:47:06,238,Sales,Technical,Chat,Y,4,N
CALL0439,AGT008,Kiran Kumar,2024-01-26 21:56:38,2024-01-26 21:57:51,523,Technical,Technical,Phone,N,3,Y
CALL0440,AGT004,Amit Joshi,2024-01-05 11:10:23,2024-01-05 11:31:55,131,Technical,Technical,Chat,Y,4,N
CALL0441,AGT011,Anita Bose,2024-01-16 21:13:37,2024-01-16 21:20:07,430,Billing,Sales,Phone,N,3,N
CALL0442,AGT011,Anita Bose,2024-01-17 07:57:36,2024-01-17 08:03:36,67,Technical,Retention,Phone,Y,4,N
CALL0443,AGT010,Vijay Rao,2024-01-19 06:56:46,2024-01-19 07:22:36,300,Billing,Sales,Chat,Y,4,N
CALL0444,AGT014,Deepak Shah,2024-01-16 11:14:53,2024-01-16 11:29:54,156,Sales,Sales,Email,Y,4,N
CALL0445,AGT003,Sneha Patil,2024-01-24 16:59:29,2024-01-24 17:20:50,80,Technical,Technical,Chat,N,1,N
CALL0446,AGT014,Deepak Shah,2024-01-17 19:52:09,2024-01-17 20:13:49,108,Technical,Technical,Email,Y,5,N
CALL0447,AGT009,Neha Gupta,2024-01-25 09:05:30,2024-01-25 09:29:00,143,Sales,Support,Email,Y,5,N
CALL0448,AGT007,Pooja Singh,2024-01-12 07:44:33,2024-01-12 08:00:11,244,General,Technical,Chat,Y,5,N
CALL0449,AGT015,Meera Pillai,2024-01-25 09:27:08,2024-01-25 09:36:49,498,Technical,Support,Chat,Y,5,N
CALL0450,AGT007,Pooja Singh,2024-01-09 12:00:45,2024-01-09 12:27:07,17,Sales,Support,Email,N,3,N
CALL0451,AGT013,Lakshmi Iyer,2024-01-11 19:23:06,2024-01-11 19:29:22,446,Sales,Retention,Chat,Y,4,N
CALL0452,AGT010,Vijay Rao,2024-01-12 14:43:25,2024-01-12 15:10:11,218,General,Technical,Phone,Y,5,N
CALL0453,AGT008,Kiran Kumar,2024-01-09 15:36:22,2024-01-09 16:03:47,417,Technical,Support,Email,N,3,Y
CALL0454,AGT002,Rahul Mehta,2024-01-07 22:25:50,2024-01-07 22:38:23,573,Sales,Support,Phone,Y,5,N
CALL0455,AGT001,Priya Sharma,2024-01-26 08:52:09,2024-01-26 09:09:14,455,Billing,Support,Chat,N,1,Y
CALL0456,AGT012,Sanjay Tiwari,2024-01-13 18:39:41,2024-01-13 18:58:28,303,Sales,Support,Phone,Y,4,N
CALL0457,AGT001,Priya Sharma,2024-01-07 22:18:12,2024-01-07 22:20:20,532,Sales,Sales,Email,N,1,N
CALL0458,AGT011,Anita Bose,2024-01-01 11:05:17,2024-01-01 11:32:53,419,Complaint,Technical,Chat,Y,5,N
CALL0459,AGT001,Priya Sharma,2024-01-24 08:58:05,2024-01-24 09:17:50,301,Sales,Retention,Chat,Y,4,N
CALL0460,AGT004,Amit Joshi,2024-01-20 12:29:59,2024-01-20 12:44:46,598,Billing,Retention,Phone,Y,3,N
CALL0461,AGT009,Neha Gupta,2024-01-03 22:18:21,2024-01-03 22:23:20,535,Complaint,Retention,Email,Y,4,N
CALL0462,AGT010,Vijay Rao,2024-01-16 13:48:21,2024-01-16 14:15:49,479,General,Support,Chat,N,1,N
CALL0463,AGT013,Lakshmi Iyer,2024-01-08 13:51:20,2024-01-08 14:06:24,371,Sales,Support,Email,Y,3,N
CALL0464,AGT005,Divya Nair,2024-01-03 18:43:47,2024-01-03 19:12:48,360,Billing,Sales,Chat,Y,3,N
CALL0465,AGT015,Meera Pillai,2024-01-19 14:11:47,2024-01-19 14:36:06,204,General,Sales,Phone,Y,4,N
CALL0466,AGT004,Amit Joshi,2024-01-08 12:53:15,2024-01-08 13:22:47,374,Technical,Support,Phone,Y,5,N
CALL0467,AGT011,Anita Bose,2024-01-16 06:48:54,2024-01-16 07:08:22,53,General,Retention,Email,Y,5,N
CALL0468,AGT014,Deepak Shah,2024-01-09 21:11:48,2024-01-09 21:30:14,296,General,Sales,Email,N,3,Y
CALL0469,AGT008,Kiran Kumar,2024-01-18 07:32:22,2024-01-18 07:46:48,188,General,Support,Email,Y,4,N
CALL0470,AGT012,Sanjay Tiwari,2024-01-01 06:43:13,2024-01-01 06:57:10,113,Complaint,Retention,Email,Y,3,N
CALL0471,AGT009,Neha Gupta,2024-01-09 13:17:30,2024-01-09 13:39:25,361,Complaint,Sales,Chat,Y,4,N
CALL0472,AGT012,Sanjay Tiwari,2024-01-25 17:23:54,2024-01-25 17:38:34,296,General,Sales,Email,N,3,Y
CALL0473,AGT014,Deepak Shah,2024-01-04 14:51:15,2024-01-04 15:11:12,452,General,Sales,Phone,Y,5,N
CALL0474,AGT003,Sneha Patil,2024-01-16 06:11:26,2024-01-16 06:29:29,147,Sales,Retention,Chat,Y,5,N
CALL0475,AGT014,Deepak Shah,2024-01-19 07:25:06,2024-01-19 07:49:40,177,Billing,Sales,Chat,Y,5,N
CALL0476,AGT002,Rahul Mehta,2024-01-15 16:16:23,2024-01-15 16:29:40,583,Sales,Retention,Chat,N,1,N
CALL0477,AGT011,Anita Bose,2024-01-20 12:36:36,2024-01-20 12:59:46,561,Technical,Retention,Chat,Y,5,N
CALL0478,AGT008,Kiran Kumar,2024-01-25 20:56:05,2024-01-25 21:10:05,303,General,Sales,Phone,Y,4,N
CALL0479,AGT007,Pooja Singh,2024-01-21 18:54:58,2024-01-21 18:58:24,91,Technical,Retention,Phone,Y,5,N
CALL0480,AGT005,Divya Nair,2024-01-23 14:38:41,2024-01-23 14:53:10,287,General,Retention,Email,Y,4,N
CALL0481,AGT007,Pooja Singh,2024-01-06 11:54:01,2024-01-06 11:59:17,250,Complaint,Support,Phone,N,1,N
CALL0482,AGT015,Meera Pillai,2024-01-16 07:01:49,2024-01-16 07:16:22,546,Billing,Support,Chat,Y,3,N
CALL0483,AGT011,Anita Bose,2024-01-13 15:14:15,2024-01-13 15:40:25,300,General,Sales,Phone,Y,3,N
CALL0484,AGT001,Priya Sharma,2024-01-02 17:55:58,2024-01-02 18:08:04,497,General,Retention,Email,Y,5,N
CALL0485,AGT009,Neha Gupta,2024-01-06 20:40:47,2024-01-06 21:03:29,587,General,Retention,Chat,Y,3,N
CALL0486,AGT013,Lakshmi Iyer,2024-01-03 20:19:23,2024-01-03 20:34:27,276,Technical,Retention,Phone,N,1,N
CALL0487,AGT008,Kiran Kumar,2024-01-18 06:44:59,2024-01-18 07:02:46,498,Complaint,Support,Chat,Y,5,N
CALL0488,AGT004,Amit Joshi,2024-01-26 06:35:23,2024-01-26 06:42:49,431,Sales,Technical,Chat,N,3,Y
CALL0489,AGT007,Pooja Singh,2024-01-27 18:14:16,2024-01-27 18:17:58,442,Technical,Retention,Chat,Y,5,N
CALL0490,AGT013,Lakshmi Iyer,2024-01-09 19:12:54,2024-01-09 19:16:14,196,Technical,Retention,Phone,Y,5,N
CALL0491,AGT008,Kiran Kumar,2024-01-09 21:12:20,2024-01-09 21:13:59,165,Billing,Support,Phone,Y,4,N
CALL0492,AGT005,Divya Nair,2024-01-05 20:46:00,2024-01-05 20:54:56,102,Technical,Support,Chat,N,2,N
CALL0493,AGT013,Lakshmi Iyer,2024-01-16 17:29:44,2024-01-16 17:57:44,42,Complaint,Support,Phone,N,2,N
CALL0494,AGT008,Kiran Kumar,2024-01-06 12:57:53,2024-01-06 13:07:25,400,Billing,Support,Email,N,2,N
CALL0495,AGT001,Priya Sharma,2024-01-07 20:47:49,2024-01-07 20:52:01,543,Technical,Technical,Chat,Y,4,N
CALL0496,AGT015,Meera Pillai,2024-01-11 11:40:46,2024-01-11 11:43:12,572,Sales,Support,Chat,Y,4,N
CALL0497,AGT004,Amit Joshi,2024-01-12 07:55:42,2024-01-12 08:04:08,125,Technical,Technical,Chat,N,2,Y
CALL0498,AGT007,Pooja Singh,2024-01-26 13:00:02,2024-01-26 13:20:52,496,Sales,Sales,Chat,Y,3,N
CALL0499,AGT003,Sneha Patil,2024-01-16 08:43:39,2024-01-16 08:56:12,71,Billing,Retention,Email,N,3,Y
CALL0500,AGT003,Sneha Patil,2024-01-16 13:20:35,2024-01-16 13:48:29,365,General,Sales,Phone,Y,4,N
